run_id,real_time,sim_time,obj_type,obj_id,x_km,y_km,z_km,speed_ms,status
20260312_170943,0.013,0.02,MISSILE,1,-35.6288,-21.7425,7.033,1637.8,undetected
20260312_170943,0.526,0.789,MISSILE,1,-34.4981,-21.1977,6.9151,1638.5,undetected
20260312_170943,1.037,1.556,MISSILE,1,-33.3712,-20.6549,6.7919,1639.2,undetected
20260312_170943,1.549,2.324,MISSILE,1,-32.2428,-20.1112,6.6627,1640.0,undetected
20260312_170943,2.058,3.086,MISSILE,1,-31.1227,-19.5716,6.5287,1640.8,undetected
20260312_170943,2.563,3.845,MISSILE,1,-30.0089,-19.035,6.3899,1641.6,undetected
20260312_170943,3.065,4.598,MISSILE,1,-28.9018,-18.5017,6.2463,1642.5,tracked
20260312_170943,3.065,4.598,INTERCEPTOR,1,-2.0839,-1.3293,0.4664,4000.0,target=1
20260312_170943,3.566,5.348,MISSILE,1,-27.7991,-17.9704,6.0977,1643.4,tracked
20260312_170943,3.566,5.348,INTERCEPTOR,1,-4.5668,-2.9281,1.0061,4000.0,target=1
20260312_170943,4.084,6.126,MISSILE,1,-26.6572,-17.4203,5.938,1644.3,tracked
20260312_170943,4.084,6.126,INTERCEPTOR,1,-7.127,-4.5976,1.5729,4000.0,target=1
20260312_170943,4.598,6.896,MISSILE,1,-25.5245,-16.8746,5.7738,1645.3,tracked
20260312_170943,4.598,6.896,INTERCEPTOR,1,-9.6534,-6.2709,2.1442,4000.0,target=1
20260312_170943,5.112,7.667,MISSILE,1,-24.3918,-16.3289,5.6038,1646.3,tracked
20260312_170943,5.112,7.667,INTERCEPTOR,1,-12.1622,-7.9666,2.7263,4000.0,target=1
20260312_170943,5.622,8.433,MISSILE,1,-23.2662,-15.7866,5.429,1647.3,tracked
20260312_170943,5.622,8.433,INTERCEPTOR,1,-14.631,-9.6825,3.3182,4000.0,target=1
20260312_170943,6.142,9.213,MISSILE,1,-22.1215,-15.2351,5.2454,1648.4,tracked
20260312_170943,6.142,9.213,INTERCEPTOR,1,-17.1017,-11.4769,3.9402,4000.0,target=1
20260312_170943,6.142,9.213,INTERCEPTOR,2,-2.4018,-1.6433,0.5834,4000.0,target=1
20260312_170943,6.646,9.969,MISSILE,1,-21.01,-14.6996,5.0614,1649.5,tracked
20260312_170943,6.646,9.969,INTERCEPTOR,1,-19.4152,-13.318,4.5806,4000.0,target=1
20260312_170943,6.646,9.969,INTERCEPTOR,2,-4.8391,-3.3395,1.1653,4000.0,target=1
20260312_170943,20.342,30.514,MISSILE,2,-36.9235,-22.9951,7.6962,1549.8,undetected
20260312_170943,20.863,31.294,MISSILE,2,-35.8894,-22.3778,7.5878,1550.5,undetected
20260312_170943,21.363,32.044,MISSILE,2,-34.8944,-21.7838,7.4779,1551.2,undetected
20260312_170943,21.868,32.801,MISSILE,2,-33.8908,-21.1847,7.3615,1551.9,undetected
20260312_170943,22.371,33.556,MISSILE,2,-32.8907,-20.5876,7.2398,1552.7,undetected
20260312_170943,22.877,34.315,MISSILE,2,-31.8844,-19.9868,7.1118,1553.5,tracked
20260312_170943,22.877,34.315,INTERCEPTOR,3,-1.1635,-0.7291,0.2781,4000.0,target=2
20260312_170943,23.396,35.094,MISSILE,2,-30.8521,-19.3706,6.9746,1554.4,tracked
20260312_170943,23.396,35.094,INTERCEPTOR,3,-3.7556,-2.3554,0.859,4000.0,target=2
20260312_170943,23.905,35.858,MISSILE,2,-29.8386,-18.7656,6.8342,1555.3,tracked
20260312_170943,23.905,35.858,INTERCEPTOR,3,-6.2979,-3.9535,1.4375,4000.0,target=2
20260312_170943,24.407,36.61,MISSILE,2,-28.8412,-18.1701,6.6903,1556.2,tracked
20260312_170943,24.407,36.61,INTERCEPTOR,3,-8.7968,-5.5278,2.0154,4000.0,target=2
20260312_170943,24.922,37.383,MISSILE,2,-27.8169,-17.5586,6.5368,1557.1,tracked
20260312_170943,24.922,37.383,INTERCEPTOR,3,-11.3597,-7.1467,2.6195,4000.0,target=2
20260312_170943,25.434,38.151,MISSILE,2,-26.7996,-16.9513,6.3786,1558.1,tracked
20260312_170943,25.434,38.151,INTERCEPTOR,3,-13.9,-8.7571,3.2317,4000.0,target=2
20260312_170943,25.949,38.923,MISSILE,2,-25.7755,-16.34,6.2135,1559.2,tracked
20260312_170943,25.949,38.923,INTERCEPTOR,3,-16.4509,-10.3822,3.8641,4000.0,target=2
20260312_170943,25.949,38.923,INTERCEPTOR,4,-1.4144,-0.8961,0.3588,4000.0,target=2
20260312_170943,26.452,39.678,MISSILE,2,-24.7754,-15.7429,6.0466,1560.2,tracked
20260312_170943,26.452,39.678,INTERCEPTOR,3,-18.9329,-11.9751,4.5039,4000.0,target=2
20260312_170943,26.452,39.678,INTERCEPTOR,4,-3.9106,-2.4807,0.963,4000.0,target=2
20260312_170943,26.967,40.45,MISSILE,2,-23.7512,-15.1314,5.8699,1561.3,tracked
20260312_170943,26.967,40.45,INTERCEPTOR,3,-21.4562,-13.618,5.2004,4000.0,target=2
20260312_170943,26.967,40.45,INTERCEPTOR,4,-6.4634,-4.1061,1.5901,4000.0,target=2
20260312_170943,40.143,60.215,MISSILE,3,-5.1087,-48.8359,6.2194,2204.3,undetected
20260312_170943,40.652,60.978,MISSILE,3,-4.7519,-47.198,6.0877,2204.9,undetected
20260312_170943,41.159,61.739,MISSILE,3,-4.3956,-45.5629,5.9505,2205.5,undetected
20260312_170943,41.681,62.522,MISSILE,3,-4.0294,-43.8818,5.8036,2206.2,undetected
20260312_170943,42.198,63.296,MISSILE,3,-3.667,-42.2183,5.6523,2206.8,tracked
20260312_170943,42.198,63.296,INTERCEPTOR,5,-0.0669,-0.7657,0.122,4000.0,target=3
20260312_170943,42.72,64.08,MISSILE,3,-3.3004,-40.5358,5.4933,2207.5,tracked
20260312_170943,42.72,64.08,INTERCEPTOR,5,-0.3266,-3.8611,0.5377,4000.0,target=3
20260312_170943,43.226,64.839,MISSILE,3,-2.9454,-38.9065,5.3335,2208.2,tracked
20260312_170943,43.226,64.839,INTERCEPTOR,5,-0.5596,-6.8594,0.9457,4000.0,target=3
20260312_170943,43.739,65.609,MISSILE,3,-2.5849,-37.2518,5.1655,2209.0,tracked
20260312_170943,43.739,65.609,INTERCEPTOR,5,-0.7736,-9.9053,1.3659,4000.0,target=3
20260312_170943,44.256,66.384,MISSILE,3,-2.2225,-35.5886,4.9908,2209.8,tracked
20260312_170943,44.256,66.384,INTERCEPTOR,5,-0.9602,-12.9678,1.7951,4000.0,target=3
20260312_170943,44.772,67.158,MISSILE,3,-1.8602,-33.9256,4.8102,2210.6,tracked
20260312_170943,44.772,67.158,INTERCEPTOR,5,-1.1097,-16.0308,2.2322,4000.0,target=3
20260312_170943,45.296,67.945,MISSILE,3,-1.4922,-32.2366,4.6208,2211.4,tracked
20260312_170943,45.296,67.945,INTERCEPTOR,5,-1.2089,-19.1422,2.6862,4000.0,target=3
20260312_170943,45.296,67.945,INTERCEPTOR,6,-0.064,-1.3356,0.2102,4000.0,target=3
20260312_170943,45.813,68.719,MISSILE,3,-1.1299,-30.5736,4.4284,2212.3,tracked
20260312_170943,45.813,68.719,INTERCEPTOR,5,-1.2261,-22.2052,3.1469,4000.0,target=3
20260312_170943,45.813,68.719,INTERCEPTOR,6,-0.1893,-4.3993,0.6501,4000.0,target=3
20260312_170943,46.314,69.47,MISSILE,3,-0.7783,-28.9601,4.2361,2213.1,tracked
20260312_170943,46.314,69.47,INTERCEPTOR,5,-1.0966,-25.1704,3.6153,4000.0,target=3
20260312_170943,46.314,69.47,INTERCEPTOR,6,-0.2769,-7.3722,1.082,4000.0,target=3
20260312_170943,60.095,90.143,MISSILE,4,31.6421,-30.1308,12.9202,1043.3,undetected
20260312_170943,60.607,90.91,MISSILE,4,31.0613,-29.585,12.8398,1044.1,undetected
20260312_170943,61.113,91.669,MISSILE,4,30.487,-29.0455,12.7547,1044.9,undetected
20260312_170943,61.635,92.453,MISSILE,4,29.8938,-28.4882,12.6609,1045.8,tracked
20260312_170943,61.635,92.453,INTERCEPTOR,7,0.5437,-0.5181,0.2496,4000.0,target=4
20260312_170943,62.142,93.214,MISSILE,4,29.3182,-27.9473,12.5641,1046.7,tracked
20260312_170943,62.142,93.214,INTERCEPTOR,7,2.6485,-2.5242,1.1455,4000.0,target=4
20260312_170943,62.665,93.998,MISSILE,4,28.7248,-27.3898,12.4584,1047.7,tracked
20260312_170943,62.665,93.998,INTERCEPTOR,7,4.8153,-4.5901,2.0798,4000.0,target=4
20260312_170943,63.172,94.758,MISSILE,4,28.1493,-26.8491,12.3501,1048.7,tracked
20260312_170943,63.172,94.758,INTERCEPTOR,7,6.9138,-6.5916,2.9976,4000.0,target=4
20260312_170943,63.69,95.535,MISSILE,4,27.5614,-26.2968,12.2336,1049.8,tracked
20260312_170943,63.69,95.535,INTERCEPTOR,7,9.0539,-8.6336,3.9482,4000.0,target=4
20260312_170943,64.211,96.317,MISSILE,4,26.9693,-25.7404,12.1104,1050.9,tracked
20260312_170943,64.211,96.317,INTERCEPTOR,7,11.2056,-10.6877,4.9208,4000.0,target=4
20260312_170943,64.736,97.105,MISSILE,4,26.3733,-25.1805,11.9802,1052.1,tracked
20260312_170943,64.736,97.105,INTERCEPTOR,7,13.3662,-12.7516,5.9173,4000.0,target=4
20260312_170943,64.736,97.105,INTERCEPTOR,8,0.8443,-0.8061,0.4022,4000.0,target=4
20260312_170943,65.251,97.877,MISSILE,4,25.7887,-24.6313,11.8467,1053.4,tracked
20260312_170943,65.251,97.877,INTERCEPTOR,7,15.4797,-14.772,6.9156,4000.0,target=4
20260312_170943,65.251,97.877,INTERCEPTOR,8,2.9662,-2.8324,1.3706,4000.0,target=4
20260312_170943,65.754,98.631,MISSILE,4,25.2184,-24.0955,11.7107,1054.6,tracked
20260312_170943,65.754,98.631,INTERCEPTOR,7,17.5344,-16.7382,7.9147,4000.0,target=4
20260312_170943,65.754,98.631,INTERCEPTOR,8,5.0333,-4.8073,2.3258,4000.0,target=4
20260312_170943,66.283,99.425,MISSILE,4,24.6174,-23.5308,11.5615,1056.0,tracked
20260312_170943,66.283,99.425,INTERCEPTOR,7,19.6885,-18.8026,9.0049,4000.0,target=4
20260312_170943,66.283,99.425,INTERCEPTOR,8,7.2083,-6.8862,3.345,4000.0,target=4
20260312_170943,66.787,100.181,MISSILE,4,24.045,-22.993,11.4135,1057.4,tracked
20260312_170943,66.787,100.181,INTERCEPTOR,7,21.7216,-20.7561,10.1021,4000.0,target=4
20260312_170943,66.787,100.181,INTERCEPTOR,8,9.2759,-8.8636,4.3291,4000.0,target=4
